<?xml version="1.0" encoding="UTF-8"?>
<project-private xmlns="http://www.netbeans.org/ns/project-private/1">
    <editor-bookmarks xmlns="http://www.netbeans.org/ns/editor-bookmarks/2" lastBookmarkId="0"/>
    <open-files xmlns="http://www.netbeans.org/ns/projectui-open-files/2">
        <group>
            <file>file:/H:/2°semestre/programação%20orientada%20a%20objetos/ExercicioLivro%20feito%20em%20casa/Produto/src/produto/Produt.java</file>
            <file>file:/H:/2°semestre/programação%20orientada%20a%20objetos/ExercicioLivro%20feito%20em%20casa/Produto/src/produto/Produto.java</file>
        </group>
    </open-files>
</project-private>
